<?xml version="1.0" encoding="utf-8"?>
<odoo>
    <data noupdate="1">
        <record id="op_student_1" model="op.student">
            <field name="title" ref="base.res_partner_title_miss"/>
            <field name="name">Sumita S Dani</field>
            <field name="first_name">Sumita</field>
            <field name="middle_name">S</field>
            <field name="last_name">Dani</field>
            <field name="gender">f</field>
            <field name="birth_date">1992-05-06</field>
            <field name="blood_group">A-</field>
            <field name="email">sumitasdani@demo.com</field>
            <field name="city">Banglore</field>
            <field name="country_id" ref="base.in"/>
            <field name="nationality" ref="base.in"/>
            <field name="type">contact</field>
            <field name="customer">True</field>
            <field name="active">True</field>
            <field name="partner_id" ref="op_res_partner_1"/>
            <field name="image" type="base64"
                   file="openeducat_core/static/img/student_1.jpg"/>
        </record>

        <record id="op_student_2" model="op.student">
            <field name="title" ref="base.res_partner_title_mister"/>
            <field name="name">Xun K Chua</field>
            <field name="first_name">Xun</field>
            <field name="middle_name">K</field>
            <field name="last_name">Chua</field>
            <field name="gender">m</field>
            <field name="birth_date">1989-11-05</field>
            <field name="blood_group">AB+</field>
            <field name="email">xunkchua@demo.com</field>
            <field name="city"></field>
            <field name="country_id" ref="base.cn"/>
            <field name="nationality" ref="base.cn"/>
            <field name="type">contact</field>
            <field name="customer">True</field>
            <field name="active">True</field>
            <field name="partner_id" ref="op_res_partner_2"/>
            <field name="image" type="base64"
                   file="openeducat_core/static/img/student_2.jpg"/>
        </record>

        <record id="op_student_3" model="op.student">
            <field name="title" ref="base.res_partner_title_miss"/>
            <field name="name">Liling I Boon</field>
            <field name="first_name">Liling</field>
            <field name="middle_name">I</field>
            <field name="last_name">Boon</field>
            <field name="gender">f</field>
            <field name="birth_date">1991-03-12</field>
            <field name="blood_group">AB+</field>
            <field name="email">lillingiboon@demo.com</field>
            <field name="city"></field>
            <field name="country_id" ref="base.hk"/>
            <field name="nationality" ref="base.hk"/>
            <field name="type">contact</field>
            <field name="customer">True</field>
            <field name="active">True</field>
            <field name="partner_id" ref="op_res_partner_3"/>
            <field name="image" type="base64"
                   file="openeducat_core/static/img/student_3.jpg"/>
        </record>

        <record id="op_student_4" model="op.student">
            <field name="title" ref="base.res_partner_title_miss"/>
            <field name="name">Prachi S Dani</field>
            <field name="first_name">Prachi</field>
            <field name="middle_name">S</field>
            <field name="last_name">Dani</field>
            <field name="gender">f</field>
            <field name="birth_date">1991-05-16</field>
            <field name="blood_group">AB-</field>
            <field name="email">prachisdani@demo.com</field>
            <field name="city">Banglore</field>
            <field name="country_id" ref="base.in"/>
            <field name="nationality" ref="base.in"/>
            <field name="type">contact</field>
            <field name="customer">True</field>
            <field name="active">True</field>
            <field name="partner_id" ref="op_res_partner_4"/>
            <field name="image" type="base64"
                   file="openeducat_core/static/img/student_4.jpg"/>
        </record>

        <record id="op_student_5" model="op.student">
            <field name="title" ref="base.res_partner_title_mister"/>
            <field name="name">Valdez L Cisse</field>
            <field name="first_name">Valdez</field>
            <field name="middle_name">L</field>
            <field name="last_name">Cisse</field>
            <field name="gender">m</field>
            <field name="birth_date">1991-09-12</field>
            <field name="blood_group">AB+</field>
            <field name="email">valdezlcisse@demo.com</field>
            <field name="city"></field>
            <field name="country_id" ref="base.km"/>
            <field name="nationality" ref="base.km"/>
            <field name="type">contact</field>
            <field name="customer">True</field>
            <field name="active">True</field>
            <field name="partner_id" ref="op_res_partner_5"/>
            <field name="image" type="base64"
                   file="openeducat_core/static/img/student_5.jpg"/>
        </record>

        <record id="op_student_6" model="op.student">
            <field name="title" ref="base.res_partner_title_mister"/>
            <field name="name">Matthew K Aybar</field>
            <field name="first_name">Matthew</field>
            <field name="middle_name">K</field>
            <field name="last_name">Aybar</field>
            <field name="gender">m</field>
            <field name="birth_date">1990-12-12</field>
            <field name="blood_group">B-</field>
            <field name="email">matthewkaybar@demo.com</field>
            <field name="city"></field>
            <field name="country_id" ref="base.es"/>
            <field name="nationality" ref="base.es"/>
            <field name="type">contact</field>
            <field name="customer">True</field>
            <field name="active">True</field>
            <field name="partner_id" ref="op_res_partner_6"/>
            <field name="image" type="base64"
                   file="openeducat_core/static/img/student_6.jpg"/>
        </record>

        <record id="op_student_7" model="op.student">
            <field name="title" ref="base.res_partner_title_mister"/>
            <field name="name">Dawid L Bitar</field>
            <field name="first_name">Dawid</field>
            <field name="middle_name">L</field>
            <field name="last_name">Bitar</field>
            <field name="gender">m</field>
            <field name="birth_date">1990-09-01</field>
            <field name="blood_group">A+</field>
            <field name="email">dawudlbitar@demo.com</field>
            <field name="city"></field>
            <field name="country_id" ref="base.sa"/>
            <field name="nationality" ref="base.sa"/>
            <field name="type">contact</field>
            <field name="customer">True</field>
            <field name="active">True</field>
            <field name="partner_id" ref="op_res_partner_7"/>
            <field name="image" type="base64"
                   file="openeducat_core/static/img/student_7.jpg"/>
        </record>

        <record id="op_student_8" model="op.student">
            <field name="title" ref="base.res_partner_title_miss"/>
            <field name="name">Laura Z Damian</field>
            <field name="first_name">Laura</field>
            <field name="middle_name">Z</field>
            <field name="last_name">Damian</field>
            <field name="gender">f</field>
            <field name="birth_date">1990-06-10</field>
            <field name="blood_group">B-</field>
            <field name="email">laurazdamian@demo.com</field>
            <field name="city"></field>
            <field name="country_id" ref="base.mx"/>
            <field name="nationality" ref="base.mx"/>
            <field name="type">contact</field>
            <field name="customer">True</field>
            <field name="active">True</field>
            <field name="partner_id" ref="op_res_partner_8"/>
            <field name="image" type="base64"
                   file="openeducat_core/static/img/student_8.jpg"/>
        </record>

        <record id="op_student_9" model="op.student">
            <field name="title" ref="base.res_partner_title_miss"/>
            <field name="name">Rishita T Parikh</field>
            <field name="first_name">Rishita</field>
            <field name="middle_name">T</field>
            <field name="last_name">Parikh</field>
            <field name="gender">f</field>
            <field name="birth_date">1992-05-12</field>
            <field name="blood_group">AB+</field>
            <field name="email">rishitatparikh@demo.com</field>
            <field name="city"></field>
            <field name="country_id" ref="base.in"/>
            <field name="nationality" ref="base.in"/>
            <field name="type">contact</field>
            <field name="customer">True</field>
            <field name="active">True</field>
            <field name="partner_id" ref="op_res_partner_9"/>
            <field name="image" type="base64"
                   file="openeducat_core/static/img/student_9.jpg"/>
        </record>

        <record id="op_student_10" model="op.student">
            <field name="title" ref="base.res_partner_title_mister"/>
            <field name="name">Abhinav Y Chaudhri</field>
            <field name="first_name">Abhinav</field>
            <field name="middle_name">Y</field>
            <field name="last_name">Chaudhri</field>
            <field name="gender">m</field>
            <field name="birth_date">1989-09-30</field>
            <field name="blood_group">O+</field>
            <field name="email">abhinavychaudhri@demo.com</field>
            <field name="city"></field>
            <field name="country_id" ref="base.in"/>
            <field name="nationality" ref="base.in"/>
            <field name="type">contact</field>
            <field name="customer">True</field>
            <field name="active">True</field>
            <field name="partner_id" ref="op_res_partner_10"/>
            <field name="image" type="base64"
                   file="openeducat_core/static/img/student_10.jpg"/>
        </record>

        <record id="op_student_11" model="op.student">
            <field name="title" ref="base.res_partner_title_mister"/>
            <field name="name">Deepak K Jha</field>
            <field name="first_name">Deepak</field>
            <field name="middle_name">K</field>
            <field name="last_name">Jha</field>
            <field name="gender">m</field>
            <field name="birth_date">1990-07-12</field>
            <field name="blood_group">O+</field>
            <field name="email">deepakkjha@demo.com</field>
            <field name="city"></field>
            <field name="country_id" ref="base.in"/>
            <field name="nationality" ref="base.in"/>
            <field name="type">contact</field>
            <field name="customer">True</field>
            <field name="active">True</field>
            <field name="partner_id" ref="op_res_partner_11"/>
            <field name="image" type="base64"
                   file="openeducat_core/static/img/student_11.jpg"/>
        </record>

        <record id="op_student_12" model="op.student">
            <field name="title" ref="base.res_partner_title_mister"/>
            <field name="name">Hung K Lan</field>
            <field name="first_name">Hung</field>
            <field name="middle_name">K</field>
            <field name="last_name">Lan</field>
            <field name="gender">m</field>
            <field name="birth_date">1991-12-03</field>
            <field name="blood_group">B+</field>
            <field name="email">hungklan@demo.com</field>
            <field name="city"></field>
            <field name="country_id" ref="base.cn"/>
            <field name="nationality" ref="base.cn"/>
            <field name="type">contact</field>
            <field name="customer">True</field>
            <field name="active">True</field>
            <field name="partner_id" ref="op_res_partner_12"/>
            <field name="image" type="base64"
                   file="openeducat_core/static/img/student_12.jpg"/>
        </record>

        <record id="op_student_13" model="op.student">
            <field name="title" ref="base.res_partner_title_miss"/>
            <field name="name">Qiang W Sim</field>
            <field name="first_name">Qiang</field>
            <field name="middle_name">W</field>
            <field name="last_name">Sim</field>
            <field name="gender">f</field>
            <field name="birth_date">1990-07-02</field>
            <field name="blood_group">B+</field>
            <field name="email">qiangwsim@demo.com</field>
            <field name="city"></field>
            <field name="country_id" ref="base.cn"/>
            <field name="nationality" ref="base.cn"/>
            <field name="type">contact</field>
            <field name="customer">True</field>
            <field name="active">True</field>
            <field name="partner_id" ref="op_res_partner_13"/>
            <field name="image" type="base64"
                   file="openeducat_core/static/img/student_13.jpg"/>
        </record>

        <record id="op_student_14" model="op.student">
            <field name="title" ref="base.res_partner_title_mister"/>
            <field name="name">Hardik S Sharma</field>
            <field name="first_name">Hardik</field>
            <field name="middle_name">S</field>
            <field name="last_name">Sharma</field>
            <field name="gender">m</field>
            <field name="birth_date">1991-03-18</field>
            <field name="blood_group">O+</field>
            <field name="email">hardikspatel@demo.com</field>
            <field name="city"></field>
            <field name="country_id" ref="base.in"/>
            <field name="nationality" ref="base.in"/>
            <field name="type">contact</field>
            <field name="customer">True</field>
            <field name="active">True</field>
            <field name="partner_id" ref="op_res_partner_14"/>
            <field name="image" type="base64"
                   file="openeducat_core/static/img/student_14.jpg"/>
        </record>

        <record id="op_student_15" model="op.student">
            <field name="title" ref="base.res_partner_title_miss"/>
            <field name="name">Shweta O Hasnandani</field>
            <field name="first_name">Shweta</field>
            <field name="middle_name">O</field>
            <field name="last_name">Hasnandani</field>
            <field name="gender">f</field>
            <field name="birth_date">1991-11-02</field>
            <field name="blood_group">AB-</field>
            <field name="email">shwetaohasnandani@demo.com</field>
            <field name="city"></field>
            <field name="country_id" ref="base.in"/>
            <field name="nationality" ref="base.in"/>
            <field name="type">contact</field>
            <field name="customer">True</field>
            <field name="active">True</field>
            <field name="partner_id" ref="op_res_partner_15"/>
            <field name="image" type="base64"
                   file="openeducat_core/static/img/student_15.jpg"/>
        </record>

        <record id="op_student_16" model="op.student">
            <field name="title" ref="base.res_partner_title_mister"/>
            <field name="name">Daniel W Fostar</field>
            <field name="first_name">Daniel</field>
            <field name="middle_name">W</field>
            <field name="last_name">Fostar</field>
            <field name="gender">m</field>
            <field name="birth_date">2003-01-06</field>
            <field name="blood_group">O+</field>
            <field name="email">danielwfostar@demo.com</field>
            <field name="city">Houston</field>
            <field name="country_id" ref="base.us"/>
            <field name="nationality" ref="base.us"/>
            <field name="type">contact</field>
            <field name="customer">True</field>
            <field name="active">True</field>
            <field name="partner_id" ref="op_res_partner_16"/>
            <field name="image" type="base64"
                   file="openeducat_core/static/img/student_16.jpg"/>
        </record>

        <record id="op_student_17" model="op.student">
            <field name="title" ref="base.res_partner_title_miss"/>
            <field name="name">Alexis K Smith</field>
            <field name="first_name">Alexis</field>
            <field name="middle_name">K</field>
            <field name="last_name">Smith</field>
            <field name="gender">f</field>
            <field name="birth_date">2003-12-03</field>
            <field name="blood_group">B-</field>
            <field name="email">alexisksmith@demo.com</field>
            <field name="city"></field>
            <field name="country_id" ref="base.us"/>
            <field name="nationality" ref="base.us"/>
            <field name="type">contact</field>
            <field name="customer">True</field>
            <field name="active">True</field>
            <field name="partner_id" ref="op_res_partner_17"/>
            <field name="image" type="base64"
                   file="openeducat_core/static/img/student_17.jpg"/>
        </record>

        <record id="op_student_18" model="op.student">
            <field name="title" ref="base.res_partner_title_miss"/>
            <field name="name">Mason D Bennett</field>
            <field name="first_name">Mason</field>
            <field name="middle_name">D</field>
            <field name="last_name">Bennett</field>
            <field name="gender">f</field>
            <field name="birth_date">2003-04-03</field>
            <field name="blood_group">AB-</field>
            <field name="email">masondbannett@demo.com</field>
            <field name="city"></field>
            <field name="country_id" ref="base.us"/>
            <field name="nationality" ref="base.us"/>
            <field name="type">contact</field>
            <field name="customer">True</field>
            <field name="active">True</field>
            <field name="partner_id" ref="op_res_partner_18"/>
            <field name="image" type="base64"
                   file="openeducat_core/static/img/student_18.jpg"/>
        </record>

        <record id="op_student_19" model="op.student">
            <field name="title" ref="base.res_partner_title_miss"/>
            <field name="name">Grace E Palmer</field>
            <field name="first_name">Grace</field>
            <field name="middle_name">E</field>
            <field name="last_name">Palmer</field>
            <field name="gender">f</field>
            <field name="birth_date">2002-03-05</field>
            <field name="blood_group">A+</field>
            <field name="email">graceepalmer@demo.com</field>
            <field name="city">Fort Worth</field>
            <field name="country_id" ref="base.us"/>
            <field name="nationality" ref="base.us"/>
            <field name="type">contact</field>
            <field name="customer">True</field>
            <field name="active">True</field>
            <field name="partner_id" ref="op_res_partner_19"/>
            <field name="image" type="base64"
                   file="openeducat_core/static/img/student_19.jpg"/>
        </record>

        <record id="op_student_20" model="op.student">
            <field name="title" ref="base.res_partner_title_mister"/>
            <field name="name">Isaac F Clark</field>
            <field name="first_name">Isaac</field>
            <field name="middle_name">F</field>
            <field name="last_name">Clark</field>
            <field name="gender">m</field>
            <field name="birth_date">2003-09-04</field>
            <field name="blood_group">B+</field>
            <field name="email">isaacfclark@demo.com</field>
            <field name="city"></field>
            <field name="country_id" ref="base.us"/>
            <field name="nationality" ref="base.us"/>
            <field name="type">contact</field>
            <field name="customer">True</field>
            <field name="active">True</field>
            <field name="partner_id" ref="op_res_partner_20"/>
            <field name="image" type="base64"
                   file="openeducat_core/static/img/student_20.jpg"/>
        </record>
    </data>
</odoo>
